{
    "veryPositive": 37.2,
    "positive": 40.400000000000006,
    "neutral": 19.650000000000002,
    "negative": 2.7,
    "veryNegative": 0.05
  }