{
    "very positive" : 36.84210526315789,
    "neutral" : 26.31578947368421,
    "very negative" : 15.789473684210526,
    "positive" : 15.789473684210526,
    "negative" : 5.263157894736842
}
