{
  "veryPositive": 7.933333333333334,
  "positive": 72.5,
  "neutral": 18.866666666666667,
  "negative": 0.6333333333333333,
  "veryNegative": 0.06666666666666667
}
