Sentiment,Percentage
positive,72.5
neutral,18.866666666666667
very positive,7.933333333333334
negative,0.6333333333333333
very negative,0.06666666666666667
